date,mean_temp_C,mean_temp_K,satellite,timestamp,valid_pixels
1983-01-09,4.305210061910998,277.455210061911,Landsat 4,410983703716,196
1984-05-27,10.226621085456202,283.3766210854562,Landsat 5,454529246818,196
1984-06-28,16.762523316091233,289.9125233160912,Landsat 5,457294078909,196
1984-09-16,17.715214228241337,290.8652142282413,Landsat 5,464206176564,196
1984-10-02,14.400890824152327,287.5508908241523,Landsat 5,465588576776,196
1985-01-22,4.438062526653084,277.58806252665306,Landsat 5,475265392568,196
1985-05-14,8.152272693767657,281.30227269376763,Landsat 5,484942176622,196
1985-06-15,16.45395462756875,289.6039546275687,Landsat 5,487706975558,196
1985-07-17,18.101586309623144,291.2515863096231,Landsat 5,490471764887,196
1985-08-02,16.551113929949963,289.70111392994994,Landsat 5,491854157065,196
1985-08-18,16.850465616040253,290.00046561604023,Landsat 5,493236547340,196
1985-10-05,14.574791705084067,287.72479170508404,Landsat 5,497383714067,196
1985-10-21,11.289235405729414,284.4392354057294,Landsat 5,498766103009,196
1985-11-22,7.779255321579171,280.92925532157915,Landsat 5,501530873636,196
1986-01-25,2.9474179502989273,276.0974179502989,Landsat 5,507060399602,183
1986-02-10,4.571136666424081,277.72113666642406,Landsat 5,508442777719,196
1986-02-26,3.986790386426719,277.1367903864267,Landsat 5,509825155133,196
1986-03-14,4.469348686462126,277.6193486864621,Landsat 5,511207535470,196
1986-03-30,6.9370604023363285,280.0870604023363,Landsat 5,512589916233,196
1986-05-01,-1.328346547861372,271.8216534521386,Landsat 5,515354672065,196
1986-05-17,9.174625892462814,282.3246258924628,Landsat 5,516737046371,196
1986-06-02,17.523146896934747,290.6731468969347,Landsat 5,518119418382,196
1986-06-18,13.712802220197432,286.8628022201974,Landsat 5,519501788473,196
1986-07-04,16.26268352450154,289.4126835245015,Landsat 5,520884157127,196
1986-07-20,17.69588315116647,290.84588315116645,Landsat 5,522266524310,196
1986-08-05,18.515276734341796,291.6652767343418,Landsat 5,523648890023,196
1986-08-21,18.702731892561303,291.8527318925613,Landsat 5,525031254314,196
1986-09-06,19.053244933852284,292.20324493385226,Landsat 5,526413618484,196
1986-09-22,12.23795486739209,285.38795486739207,Landsat 5,527795989395,196
1986-10-08,11.163515759033316,284.3135157590333,Landsat 5,529178358621,196
1986-11-09,8.866855324897244,282.0168553248972,Landsat 5,531943090508,196
1986-11-25,7.833499610142155,280.98349961014213,Landsat 5,533325463806,196
1986-12-11,5.666661249214883,278.81666124921486,Landsat 5,534707890651,196
1986-12-27,5.5924595456264115,278.7424595456264,Landsat 5,536090320552,196
1987-01-12,5.300735509548019,278.450735509548,Landsat 5,537472748417,196
1987-03-01,4.106687732414343,277.2566877324143,Landsat 5,541620051444,196
1987-04-02,6.187114471586597,279.3371144715866,Landsat 5,544384921377,196
1987-05-04,10.476381614470256,283.62638161447023,Landsat 5,547149781579,196
1987-06-21,13.429127455795424,286.5791274557954,Landsat 5,551297052350,196
1987-07-07,15.556262819570975,288.70626281957095,Landsat 5,552679471547,196
1987-07-23,14.712604375738863,287.86260437573884,Landsat 5,554061890937,196
1987-08-08,17.465409333939363,290.61540933393934,Landsat 5,555444321164,196
1987-08-24,17.021160839834238,290.1711608398342,Landsat 5,556826748807,196
1987-09-25,15.924865618339311,289.0748656183393,Landsat 5,559591595095,196
1987-10-11,15.747970534624983,288.89797053462496,Landsat 5,560974013960,196
1988-03-19,5.795616609398223,278.9456166093982,Landsat 5,574798167999,196
1988-04-04,5.403174357075613,278.5531743570756,Landsat 5,576180575020,196
1988-05-22,6.258972848386236,279.4089728483862,Landsat 5,580327795848,34
1988-06-07,7.646641462798016,280.796641462798,Landsat 5,581710201312,53
1988-06-23,-1.0465959207195965,272.1034040792804,Landsat 5,583092606669,4
1988-07-09,18.77070632968531,291.9207063296853,Landsat 5,584475011051,196
1988-08-26,21.590397109826654,294.74039710982663,Landsat 5,588622217352,196
1988-09-11,17.002705257991124,290.1527052579911,Landsat 5,590004616018,196
1988-10-29,13.624428607871096,286.7744286078711,Landsat 5,594151805028,196
1988-11-14,-0.24963380803325208,272.9003661919667,Landsat 5,595534205835,89
1988-11-30,8.086255250440558,281.23625525044054,Landsat 5,596916604885,196
1988-12-16,6.147758086370459,279.29775808637044,Landsat 5,598298990508,130
1989-01-17,3.158341514569429,276.3083415145694,Landsat 5,601063773643,196
1989-02-02,-0.9775626910658843,272.1724373089341,Landsat 5,602446172538,173
1989-03-22,4.977513788710269,278.12751378871025,Landsat 5,606593307148,194
1989-04-07,8.835707560564288,281.98570756056426,Landsat 5,607975718730,196
1989-05-25,10.065755953026155,283.21575595302613,Landsat 5,612122872173,196
1989-06-10,13.282117769800777,286.43211776980075,Landsat 5,613505254065,196
1989-07-28,18.474704904321698,291.6247049043217,Landsat 5,617652397146,196
1989-08-13,18.062320303000774,291.21232030300075,Landsat 5,619034774415,196
1989-08-29,16.448410177733535,289.5984101777335,Landsat 5,620417154821,196
1989-09-30,14.075592333261625,287.2255923332616,Landsat 5,623181912124,196
1989-10-16,12.807249655149803,285.9572496551498,Landsat 5,624564275338,196
1989-11-01,10.01117158105194,283.1611715810519,Landsat 5,625946653071,196
1989-11-17,8.82815758766543,281.9781575876654,Landsat 5,627329016101,196
1989-12-03,7.301090472242265,280.45109047224224,Landsat 5,628711398068,196
1989-12-19,6.856946001869744,280.0069460018697,Landsat 5,630093769992,196
1990-01-04,2.464761381152698,275.6147613811527,Landsat 5,631476133751,196
1990-02-21,3.6099389750143587,276.75993897501434,Landsat 5,635623248447,196
1990-03-09,4.413871860508209,277.5638718605082,Landsat 5,637005613997,196
1990-03-25,5.7300506926693515,278.88005069266933,Landsat 5,638387983362,196
1990-04-26,-1.2038455081574284,271.94615449184255,Landsat 5,641152781243,196
1990-05-12,9.428298364937689,282.57829836493767,Landsat 5,642535185385,196
1990-06-13,10.260375878355603,283.4103758783556,Landsat 5,645299979810,196
1990-08-16,18.41999394742561,291.5699939474256,Landsat 5,650829567680,196
1990-09-01,16.18222896491369,289.33222896491367,Landsat 5,652211960634,196
1990-10-03,14.517118873015647,287.6671188730156,Landsat 5,654976744419,196
1990-10-19,10.44137354000003,283.59137354,Landsat 5,656359142013,1
1991-04-13,3.999108719431206,277.1491087194312,Landsat 5,671565684751,196
1991-04-29,6.792603840323636,279.9426038403236,Landsat 5,672948100342,196
1991-05-15,8.394343870192358,281.54434387019234,Landsat 5,674330515016,196
1991-05-31,8.662511603197345,281.8125116031973,Landsat 5,675712931548,196
1991-06-16,11.139919708898674,284.28991970889865,Landsat 5,677095341471,196
1991-07-02,14.806154872235425,287.9561548722354,Landsat 5,678477760441,196
1991-07-18,16.394049222087915,289.5440492220879,Landsat 5,679860171650,196
1991-09-20,17.152621703237344,290.3026217032373,Landsat 5,685389807585,196
1991-10-06,16.371860596408055,289.52186059640803,Landsat 5,686772211854,196
1991-10-22,14.123876152764694,287.2738761527647,Landsat 5,688154618178,196
1992-05-01,7.106246979165235,280.2562469791652,Landsat 5,704743399227,196
1992-05-17,8.70540549429353,281.8554054942935,Landsat 5,706125789831,196
1992-06-02,16.115212621197998,289.265212621198,Landsat 5,707508181457,196
1992-07-04,12.317595028654978,285.46759502865496,Landsat 5,710272957857,196
1992-07-20,15.879904880143329,289.0299048801433,Landsat 5,711655345976,196
1992-08-05,16.32748887178161,289.4774888717816,Landsat 5,713037734145,196
1992-08-21,17.272293210218663,290.42229321021864,Landsat 5,714420117329,196
1992-09-06,15.520801098660797,288.6708010986608,Landsat 5,715802503855,196
1992-09-22,16.208230431386028,289.358230431386,Landsat 5,717184886900,196
1992-10-08,14.434772959059444,287.5847729590594,Landsat 5,718567261177,196
1992-11-09,10.822669354054767,283.97266935405474,Landsat 5,721332036336,196
1992-12-27,5.757132597784164,278.90713259778414,Landsat 5,725479255632,196
1993-01-28,3.7845649180241594,276.93456491802414,Landsat 5,728244076412,196
1993-02-13,3.7915888669801348,276.9415888669801,Landsat 5,729626486156,196
1993-03-01,3.019793182622834,276.1697931826228,Landsat 5,731008892954,196
1993-03-17,3.0959872359649125,276.2459872359649,Landsat 5,732391300740,196
1993-04-18,5.0038255799659055,278.1538255799659,Landsat 5,735156112703,196
1993-05-04,6.734306714437253,279.88430671443723,Landsat 5,736538516771,196
1993-05-20,9.209677499426732,282.3596774994267,Landsat 5,737920919378,196
1993-07-07,16.249762701782856,289.39976270178283,Landsat 5,742068114116,196
1993-08-08,17.852433494222964,291.00243349422294,Landsat 5,744832914358,196
1993-08-24,16.532052527210737,289.6820525272107,Landsat 5,746215312840,196
1993-09-09,18.55032160323276,291.70032160323274,Landsat 5,747597710862,196
1993-09-25,15.685310392933047,288.835310392933,Landsat 5,748980107329,196
1993-10-27,5.019128121428309,278.1691281214283,Landsat 5,751744897171,189
1993-11-12,10.713581391270111,283.8635813912701,Landsat 5,753127288970,196
1993-12-30,4.947569484517373,278.09756948451735,Landsat 5,757274467796,196
1994-01-15,4.649698660305319,277.7996986603053,Landsat 5,758656851946,196
1994-01-31,4.355081416830046,277.50508141683,Landsat 5,760039242390,196
1994-02-16,-0.001429877202156149,273.1485701227978,Landsat 5,761421630822,196
1994-03-04,3.3073666414678655,276.45736664146784,Landsat 5,762804016646,196
1994-03-20,5.390629276558684,278.54062927655866,Landsat 5,764186402799,196
1994-04-05,6.547851289404775,279.69785128940475,Landsat 5,765568785701,196
1994-04-21,8.31029746346303,281.460297463463,Landsat 5,766951167321,196
1994-05-07,5.129564463259044,278.279564463259,Landsat 5,768333548925,25
1994-05-23,1.067083133841038,274.217083133841,Landsat 5,769715932199,196
1994-06-08,11.74046302924836,284.89046302924834,Landsat 5,771098313881,196
1994-06-24,12.016008119351795,285.1660081193518,Landsat 5,772480692483,196
1994-07-10,16.664944057634102,289.8149440576341,Landsat 5,773863067027,196
1994-07-26,14.190610330211996,287.340610330212,Landsat 5,775245439948,196
1994-08-11,18.44595596967264,291.5959559696726,Landsat 5,776627814548,196
1994-08-27,17.092152722306082,290.24215272230606,Landsat 5,778010191009,196
1994-09-12,14.705165771996803,287.8551657719968,Landsat 5,779392566412,101
1994-10-30,10.48443747280163,283.6344374728016,Landsat 5,783539678200,196
1994-12-01,6.114134251921371,279.26413425192135,Landsat 5,786304414116,196
1995-02-19,3.973219604647568,277.12321960464755,Landsat 5,793216240723,196
1995-03-23,4.271005029462572,277.42100502946255,Landsat 5,795980962278,196
1995-04-08,4.60191413957881,277.7519141395788,Landsat 5,797363323305,196
1995-04-24,8.153729101739259,281.30372910173924,Landsat 5,798745681952,196
1995-05-10,6.443510034041196,279.5935100340412,Landsat 5,800128038595,196
1995-05-26,9.641116916831265,282.79111691683124,Landsat 5,801510395347,196
1995-06-11,10.757951828847581,283.90795182884756,Landsat 5,802892750876,196
1995-06-27,16.137606114578205,289.2876061145782,Landsat 5,804275108442,196
1995-07-29,15.927597566235704,289.0775975662357,Landsat 5,807039820872,196
1995-08-14,18.057050070023024,291.207050070023,Landsat 5,808422176863,196
1995-08-30,16.70985596372833,289.8598559637283,Landsat 5,809804531923,196
1995-09-15,17.566548869015435,290.7165488690154,Landsat 5,811186885362,196
1995-10-01,15.274455107047004,288.424455107047,Landsat 5,812569236637,196
1995-10-17,13.869384890863216,287.0193848908632,Landsat 5,813951584976,196
1995-11-18,11.037222391921148,284.1872223919211,Landsat 5,816716344607,196
1995-12-20,6.649274277796792,279.79927427779677,Landsat 5,819481257709,196
1996-03-25,5.069522699846573,278.21952269984655,Landsat 5,827776052390,196
1996-04-10,6.66006541520801,279.810065415208,Landsat 5,829158512186,196
1996-04-26,8.277064151985599,281.4270641519856,Landsat 5,830540970232,196
1996-05-12,12.095781830735802,285.2457818307358,Landsat 5,831923426354,196
1996-05-28,7.436164759761311,280.5861647597613,Landsat 5,833305880873,196
1996-06-13,16.741502194042482,289.89150219404246,Landsat 5,834688333657,196
1996-06-29,14.109458039383924,287.2594580393839,Landsat 5,836070784827,196
1996-07-15,19.141180192893103,292.2911801928931,Landsat 5,837453235106,196
1996-07-31,19.343579109893426,292.4935791098934,Landsat 5,838835686423,196
1996-09-01,17.95596103263955,291.1059610326395,Landsat 5,841600588566,196
1996-09-17,13.882485748835848,287.0324857488358,Landsat 5,842983041401,196
1996-10-03,15.415999534492869,288.56599953449285,Landsat 5,844365492560,196
1996-10-19,13.606087951812867,286.75608795181284,Landsat 5,845747941987,196
1996-11-20,8.495636185394233,281.6456361853942,Landsat 5,848512832784,196
1997-01-07,2.7086535028682874,275.85865350286826,Landsat 5,852660170237,196
1997-02-24,4.987393464146123,278.1373934641461,Landsat 5,856807497110,196
1997-03-12,5.445328952862383,278.59532895286236,Landsat 5,858189935404,196
1997-03-28,6.423351763875132,279.5733517638751,Landsat 5,859572371575,196
1997-04-13,5.008629825986702,278.1586298259867,Landsat 5,860954805622,196
1997-04-29,6.542038225155125,279.6920382251551,Landsat 5,862337239650,196
1997-05-15,13.138375064977708,286.2883750649777,Landsat 5,863719671656,196
1997-05-31,12.638726437818548,285.7887264378185,Landsat 5,865102106798,196
1997-06-16,16.53794258719205,289.687942587192,Landsat 5,866484538874,196
1997-07-02,14.149609383366453,287.29960938336643,Landsat 5,867866972656,196
1997-07-18,16.283576244621827,289.4335762446218,Landsat 5,869249405876,196
1997-08-03,17.643352225853278,290.79335222585325,Landsat 5,870631837555,196
1997-09-04,17.525224116123013,290.675224116123,Landsat 5,873396696436,196
1997-09-20,15.10291777555102,288.252917775551,Landsat 5,874779123453,196
1997-10-06,14.022214417372311,287.1722144173723,Landsat 5,876161551195,184
1997-10-22,12.233814813662434,285.3838148136624,Landsat 5,877543977513,196
1997-11-23,8.310646783336267,281.46064678333624,Landsat 5,880308823822,196
1997-12-09,7.033542187695616,280.1835421876956,Landsat 5,881691248496,196
1997-12-25,5.405123552877342,278.5551235528773,Landsat 5,883073670368,196
1998-01-10,4.568949187611281,277.71894918761126,Landsat 5,884456093139,41
1998-03-15,4.945235461467803,278.0952354614678,Landsat 5,889985766695,196
1998-04-16,4.7249697490693165,277.8749697490693,Landsat 5,892750589269,196
1998-05-18,8.240658192356875,281.39065819235685,Landsat 5,895515418890,196
1998-06-19,11.546535762678673,284.69653576267865,Landsat 5,898280245752,196
1998-07-05,16.0870059878593,289.2370059878593,Landsat 5,899662659081,196
1998-07-21,20.255867325225438,293.4058673252254,Landsat 5,901045068161,196
1998-08-06,21.025658243604425,294.1756582436044,Landsat 5,902427472799,196
1998-08-22,18.698091858677003,291.848091858677,Landsat 5,903809882977,196
1998-09-07,19.625885818358825,292.7758858183588,Landsat 5,905192291711,196
1998-10-09,13.222130901774563,286.37213090177454,Landsat 5,907957100556,196
1998-11-26,6.353053600081807,279.5030536000818,Landsat 5,912104310957,196
1998-12-12,0.20088916713541494,273.3508891671354,Landsat 5,913486706341,196
1998-12-28,4.705702948667806,277.8557029486678,Landsat 5,914869115530,196
1999-01-13,4.436395042866764,277.58639504286674,Landsat 5,916251509612,196
1999-01-29,1.5188940927788508,274.6688940927788,Landsat 5,917633912682,196
1999-03-02,4.3769466907161245,277.5269466907161,Landsat 5,920398721871,196
1999-04-19,6.369733283300491,279.51973328330047,Landsat 5,924545894039,196
1999-05-21,9.305825409486943,282.4558254094869,Landsat 5,927310669210,196
1999-06-22,16.12863471111956,289.27863471111954,Landsat 5,930075444222,196
1999-06-30,19.26587769663371,292.4158776966337,Landsat 7,930767531603,196
1999-07-08,15.036655566044601,288.1866555660446,Landsat 5,931457836016,196
1999-07-16,16.66486933316287,289.81486933316285,Landsat 7,932149937748,196
1999-07-24,16.314169897088846,289.4641698970888,Landsat 5,932840233513,196
1999-08-01,18.499642512353603,291.6496425123536,Landsat 7,933532344057,196
1999-08-17,18.533864276420502,291.6838642764205,Landsat 7,934914740572,196
1999-08-25,18.265602967480675,291.41560296748065,Landsat 5,935605013644,196
1999-09-02,17.11575346637784,290.2657534663778,Landsat 7,936297146743,196
1999-09-10,15.289294398464449,288.4392943984644,Landsat 5,936987380856,16
1999-09-26,16.830906277279894,289.98090627727987,Landsat 5,938369760842,196
1999-10-04,16.690079643876118,289.8400796438761,Landsat 7,939061952363,196
1999-10-12,14.89044967915936,288.04044967915934,Landsat 5,939752168038,196
1999-10-20,15.180074540530029,288.33007454053,Landsat 7,940444341807,196
1999-11-05,12.983902092529092,286.13390209252907,Landsat 7,941826743350,196
1999-11-13,11.359142685579855,284.50914268557983,Landsat 5,942516915742,196
1999-12-15,5.749108461391927,278.8991084613919,Landsat 5,945281678085,196
1999-12-23,6.599117198300178,279.74911719830015,Landsat 7,945973942538,196
2000-01-08,6.281195458836862,279.43119545883684,Landsat 7,947356340396,196
2000-02-25,-0.18232919326487718,272.9676708067351,Landsat 7,951503527839,196
2000-03-04,-3.3049891718806066,269.84501082811937,Landsat 5,952193567263,196
2000-03-12,3.940026494481856,277.09002649448183,Landsat 7,952885924211,196
2000-03-20,3.7163435420979454,276.8663435420979,Landsat 5,953576011141,137
2000-03-28,6.055613558288201,279.2056135582882,Landsat 7,954268321749,196
2000-04-21,-4.480200297289684,268.6697997027103,Landsat 5,956340868362,12
2000-04-29,8.242602467095764,281.39260246709574,Landsat 7,957033108153,196
2000-05-15,8.223079014252164,281.37307901425214,Landsat 7,958415496863,196
2000-05-23,1.0424688477706923,274.19246884777067,Landsat 5,959105722014,100
2000-05-31,11.182398035023084,284.33239803502306,Landsat 7,959797885253,196
2000-06-16,13.930305852644494,287.08030585264447,Landsat 7,961180281167,196
2000-06-24,17.26653556472678,290.41653556472676,Landsat 5,961870565141,196
2000-07-02,17.30200879335746,290.45200879335744,Landsat 7,962562668127,196
2000-07-18,17.74314142082369,290.89314142082367,Landsat 7,963945054857,196
2000-07-26,17.83574366604097,290.98574366604095,Landsat 5,964635396156,196
2000-08-03,12.187292750320296,285.3372927503203,Landsat 7,965327438530,136
2000-08-11,18.654651956544797,291.8046519565448,Landsat 5,966017822705,196
2000-08-19,18.88558176718118,292.03558176718116,Landsat 7,966709832605,196
2000-08-27,19.19800607190325,292.3480060719032,Landsat 5,967400242607,196
2000-09-04,16.926200723333864,290.07620072333384,Landsat 7,968092217366,196
2000-09-12,17.05971669899054,290.2097166989905,Landsat 5,968782662914,196
2000-09-20,17.48573681301565,290.6357368130156,Landsat 7,969474597609,196
2000-09-28,15.053836062215396,288.2038360622154,Landsat 5,970165074631,196
2000-10-06,16.56597191079163,289.7159719107916,Landsat 7,970856994134,196
2000-10-14,13.118878942970866,286.26887894297084,Landsat 5,971547482875,196
2000-10-22,13.501645171103746,286.6516451711037,Landsat 7,972239384477,196
2000-10-30,3.2599875929473114,276.4099875929473,Landsat 5,972929897029,2
2000-11-07,10.771740045971455,283.92174004597143,Landsat 7,973621787877,196
2000-12-17,6.7202651003465235,279.8702651003465,Landsat 5,977077141252,196
2000-12-25,2.404000467531887,275.55400046753186,Landsat 7,977768997380,196
2001-01-02,6.020087904419597,279.1700879044196,Landsat 5,978459551552,115
2001-01-18,3.5602782416575565,276.71027824165753,Landsat 5,979841962306,196
2001-02-03,-2.2991498543833018,270.8508501456167,Landsat 5,981224369941,196
2001-02-27,5.018623448110759,278.16862344811074,Landsat 7,983298588775,196
2001-03-07,4.428845221385075,277.57884522138505,Landsat 5,983989178285,196
2001-03-31,9.162055298120606,282.3120552981206,Landsat 7,986063378231,196
2001-04-16,2.555201764869821,275.7052017648698,Landsat 7,987445777224,196
2001-04-24,6.864239776578927,280.0142397765789,Landsat 5,988136376042,196
2001-05-02,7.7550931218989945,280.905093121899,Landsat 7,988828174317,196
2001-05-10,9.787967160336677,282.93796716033665,Landsat 5,989518781241,196
2001-05-18,11.539623256906054,284.68962325690603,Landsat 7,990210561301,196
2001-05-26,13.23756517712576,286.38756517712574,Landsat 5,990901186178,196
2001-06-03,13.011414780061727,286.1614147800617,Landsat 7,991592951348,196
2001-06-11,13.079419122115667,286.22941912211564,Landsat 5,992283591855,196
2001-06-19,10.922696652839022,284.072696652839,Landsat 7,992975340129,196
2001-07-13,17.38195958735571,290.5319595873557,Landsat 5,995048394003,196
2001-07-21,16.66207818107415,289.8120781810741,Landsat 7,995740127439,196
2001-07-29,16.580116261567355,289.73011626156733,Landsat 5,996430789443,196
2001-08-06,19.640775066887272,292.79077506688725,Landsat 7,997122511925,196
2001-08-14,18.448211331397545,291.5982113313975,Landsat 5,997813188537,196
2001-08-22,18.23009120312969,291.38009120312967,Landsat 7,998504897868,196
2001-08-30,18.58912351561355,291.7391235156135,Landsat 5,999195580931,196
2001-09-07,18.955835338557677,292.10583533855765,Landsat 7,999887285565,196
2001-09-15,17.624349573053564,290.77434957305354,Landsat 5,1000577975517,196
2001-10-01,16.911782382825663,290.06178238282564,Landsat 5,1001960367096,196
2001-10-25,13.60263919408726,286.75263919408724,Landsat 7,1004034467748,196
2001-11-10,10.58870014255018,283.73870014255016,Landsat 7,1005416877669,196
2001-12-04,5.5562704913794505,278.7062704913794,Landsat 5,1007489938506,196
2001-12-12,6.678374197909875,279.82837419790985,Landsat 7,1008181689007,196
2001-12-20,6.620450315840401,279.7704503158404,Landsat 5,1008872334243,196
2002-01-13,5.338295042409527,278.4882950424095,Landsat 7,1010946496275,196
2002-02-06,4.124448914198865,277.27444891419884,Landsat 5,1013019494692,196
2002-02-14,5.231468498045615,278.3814684980456,Landsat 7,1013711303685,196
2002-03-02,5.348740721091133,278.4987407210911,Landsat 7,1015093707339,196
2002-03-18,5.395622642875935,278.5456226428759,Landsat 7,1016476096673,196
2002-04-03,11.02132871626975,284.1713287162697,Landsat 7,1017858495146,196
2002-04-19,5.671274103681981,278.82127410368196,Landsat 7,1019240896315,196
2002-05-05,11.425412163118835,284.5754121631188,Landsat 7,1020623300670,196
2002-05-13,10.544446523472004,283.694446523472,Landsat 5,1021313786056,196
2002-05-21,8.44318787932923,281.5931878793292,Landsat 7,1022005691786,91
2002-06-06,16.168694523302747,289.3186945233027,Landsat 7,1023388085151,196
2002-06-14,14.60343283056676,287.75343283056674,Landsat 5,1024078543827,196
2002-06-22,15.635155130444332,288.7851551304443,Landsat 7,1024770477789,196
2002-06-30,19.196713194691256,292.34671319469123,Landsat 5,1025460921980,196
2002-07-08,19.123823295486773,292.27382329548675,Landsat 7,1026152874722,196
2002-07-16,19.4959574501558,292.6459574501558,Landsat 5,1026843300356,196
2002-07-24,19.028641806790972,292.17864180679095,Landsat 7,1027535264957,196
2002-08-01,21.52100866159367,294.67100866159365,Landsat 5,1028225676730,196
2002-08-09,18.194203015197616,291.3442030151976,Landsat 7,1028917660317,196
2002-08-25,19.339049686398596,292.4890496863986,Landsat 7,1030300051320,196
2002-09-02,20.33526567294956,293.48526567294954,Landsat 5,1030990419537,196
2002-09-10,17.282728062558135,290.4327280625581,Landsat 7,1031682446252,196
2002-09-18,16.526515875371274,289.67651587537125,Landsat 5,1032372800241,196
2002-09-26,16.988516011964748,290.1385160119647,Landsat 7,1033064835654,196
2002-10-12,14.21772161029736,287.36772161029734,Landsat 7,1034447228353,196
2002-10-28,5.8008438598855605,278.95084385988554,Landsat 7,1035829636718,181
2002-11-05,11.409062266931642,284.5590622669316,Landsat 5,1036519910818,196
2002-11-13,8.282334384964315,281.4323343849643,Landsat 7,1037212044229,196
2002-11-29,8.324826641486595,281.4748266414866,Landsat 7,1038594464186,196
2002-12-07,7.898750427324444,281.0487504273244,Landsat 5,1039284655755,196
2002-12-23,1.738957899200102,274.8889578992001,Landsat 5,1040667081040,25
2003-01-08,5.611759279306682,278.76175927930666,Landsat 5,1042049502850,196
2003-01-16,5.359485524786692,278.50948552478667,Landsat 7,1042741676834,196
2003-02-09,4.894360436512443,278.0443604365124,Landsat 5,1044814344974,196
2003-03-05,5.742671784704498,278.8926717847045,Landsat 7,1046888893807,196
2003-03-13,5.763516884060664,278.91351688406064,Landsat 5,1047579194529,196
2003-03-21,-1.891119865203791,271.2588801347962,Landsat 7,1048271290406,196
2003-03-29,5.3061813866748935,278.45618138667487,Landsat 5,1048961618700,196
2003-04-30,6.72390214557214,279.8739021455721,Landsat 5,1051726466975,196
2003-05-16,8.404509351031493,281.55450935103147,Landsat 5,1053108885546,196
2003-05-24,13.561602891285702,286.7116028912857,Landsat 7,1053800891200,196
2003-06-01,14.65111173767798,287.80111173767796,Landsat 5,1054491301632,196
2003-07-03,17.217457939661585,290.36745793966156,Landsat 5,1057256143010,196
2003-07-19,20.16706686733346,293.31706686733344,Landsat 5,1058638559030,196
2003-07-27,22.003907045041046,295.153907045041,Landsat 7,1059330479106,196
2003-08-04,20.865698359920998,294.015698359921,Landsat 5,1060020977339,196
2003-08-12,18.880244077765724,292.0302440777657,Landsat 7,1060712874339,196
2003-08-20,20.016214208489146,293.1662142084891,Landsat 5,1061403394080,196
2003-08-28,19.273767904363694,292.4237679043637,Landsat 7,1062095271876,196
2003-09-05,19.67539187887303,292.825391878873,Landsat 5,1062785810841,196
2003-09-21,17.6101877335704,290.7601877335704,Landsat 5,1064168226155,196
2003-09-29,16.534455672289084,289.68445567228906,Landsat 7,1064860060867,196
2003-10-07,16.52760047799194,289.6776004779919,Landsat 5,1065550637788,196
2003-10-15,14.759896411470379,287.90989641147036,Landsat 7,1066242460738,196
2003-10-23,15.10522196937768,288.25522196937766,Landsat 5,1066933050359,196
2003-11-16,9.75233138515955,282.9023313851595,Landsat 7,1069007286102,196
2003-12-02,7.345211373995085,280.49521137399506,Landsat 7,1070389689444,196
2004-01-03,5.01852199847292,278.1685219984729,Landsat 7,1073154504907,196
2004-01-19,5.130778596849154,278.28077859684913,Landsat 7,1074536909424,196
2004-02-12,4.917705739481676,278.06770573948165,Landsat 5,1076609903820,196
2004-02-28,3.4513818767686644,276.60138187676864,Landsat 5,1077992309532,21
2004-03-07,3.7303221436346803,276.88032214363466,Landsat 7,1078684122333,196
2004-03-15,6.65224092261758,279.80224092261756,Landsat 5,1079374715673,196
2004-03-23,7.608477272483697,280.7584772724837,Landsat 7,1080066526886,196
2004-03-31,8.388135303772799,281.5381353037728,Landsat 5,1080757122704,196
2004-04-08,10.687669185337597,283.8376691853376,Landsat 7,1081448923500,196
2004-04-16,6.3314642843519096,279.4814642843519,Landsat 5,1082139554832,196
2004-04-24,10.473856502699789,283.62385650269977,Landsat 7,1082831317992,196
2004-05-02,11.6098385196874,284.7598385196874,Landsat 5,1083521980840,196
2004-05-10,8.661530115805988,281.81153011580597,Landsat 7,1084213721316,196
2004-05-18,9.724568707548656,282.87456870754863,Landsat 5,1084904409129,196
2004-05-26,9.739733989942408,282.8897339899424,Landsat 7,1085596119596,196
2004-06-11,12.851959267636062,286.00195926763604,Landsat 7,1086978513013,196
2004-06-19,15.451638110891565,288.60163811089154,Landsat 5,1087669263506,196
2004-06-27,18.041849734509412,291.1918497345094,Landsat 7,1088360911171,196
2004-07-05,18.604458082627673,291.75445808262765,Landsat 5,1089051692989,196
2004-07-13,17.479264326121665,290.62926432612164,Landsat 7,1089743308685,196
2004-07-21,19.345348573277874,292.49534857327785,Landsat 5,1090434118686,196
2004-07-29,19.408745587600094,292.5587455876001,Landsat 7,1091125701471,196
2004-08-06,18.335324382510464,291.48532438251044,Landsat 5,1091816537546,196
2004-08-14,19.637178904351458,292.78717890435144,Landsat 7,1092508098167,196
2004-08-30,18.63967397743818,291.78967397743816,Landsat 7,1093890494745,196
2004-09-07,18.235525951079808,291.3855259510798,Landsat 5,1094581388949,196
2004-09-15,17.238134511485555,290.38813451148553,Landsat 7,1095272887657,196
2004-09-23,15.678127152903414,288.8281271529034,Landsat 5,1095963811989,196
2004-10-01,15.902890842546071,289.05289084254605,Landsat 7,1096655284336,165
2004-10-25,8.77802822592622,281.9280282259262,Landsat 5,1098728652237,127
2004-11-02,10.645095920522579,283.79509592052256,Landsat 7,1099420102686,196
2004-11-18,7.698382331000289,280.84838233100027,Landsat 7,1100802508166,137
2004-11-26,2.401044800681575,275.55104480068155,Landsat 5,1101493488665,173
2004-12-04,7.501662008713254,280.65166200871323,Landsat 7,1102184918445,196
2004-12-12,5.369031860000007,278.51903186,Landsat 5,1102875909567,1
2005-01-05,-4.4397763789111195,268.71022362108886,Landsat 7,1104949732439,46
2005-01-29,-23.309666252556184,249.8403337474438,Landsat 5,1107023147243,196
2005-02-06,4.920957578918376,278.07095757891835,Landsat 7,1107714541737,196
2005-03-02,5.187683797885654,278.33768379788563,Landsat 5,1109787978343,193
2005-03-10,6.1760135342357785,279.32601353423576,Landsat 7,1110479352180,196
2005-03-26,-3.6668229237196783,269.4831770762803,Landsat 7,1111861750834,187
2005-04-11,5.0590857659144035,278.2090857659144,Landsat 7,1113244145488,145
2005-04-19,4.656027528750599,277.8060275287506,Landsat 5,1113935198653,165
2005-05-13,6.915302710491119,280.0653027104911,Landsat 7,1116008947003,196
2005-05-21,11.16152250077539,284.31152250077537,Landsat 5,1116700010346,196
2005-05-29,9.774919525569771,282.92491952556975,Landsat 7,1117391344031,196
2005-06-06,10.479324032510533,283.6293240325105,Landsat 5,1118082418849,196
2005-06-22,13.045274732323549,286.1952747323235,Landsat 5,1119464825064,196
2005-06-30,18.70208041932665,291.8520804193266,Landsat 7,1120156134059,196
2005-07-08,17.362418040137356,290.51241804013733,Landsat 5,1120847230399,196
2005-07-16,20.983388494907672,294.13338849490765,Landsat 7,1121538535510,196
2005-07-24,21.38871348848204,294.538713488482,Landsat 5,1122229642200,196
2005-08-01,20.004281914069907,293.1542819140699,Landsat 7,1122920933680,196
2005-08-09,21.690289949987005,294.840289949987,Landsat 5,1123612050488,196
2005-08-17,21.237820628326176,294.38782062832615,Landsat 7,1124303328750,196
2005-08-25,19.633796316016287,292.78379631601626,Landsat 5,1124994455706,196
2005-09-02,18.70477254445501,291.854772544455,Landsat 7,1125685720878,196
2005-09-10,16.106391197289838,289.2563911972898,Landsat 5,1126376857527,107
2005-09-18,12.961024896358595,286.1110248963586,Landsat 7,1127068114069,196
2005-10-12,13.556101519693641,286.7061015196936,Landsat 5,1129141651763,196
2005-10-20,12.589452878675672,285.73945287867565,Landsat 7,1129832922123,196
2005-11-21,9.227184602863701,282.3771846028637,Landsat 7,1132597742203,196
2005-12-23,4.643582382773388,277.79358238277337,Landsat 7,1135362549680,196
2006-01-08,4.863341452653003,278.013341452653,Landsat 7,1136744959390,196
2006-01-24,5.541791659633873,278.69179165963385,Landsat 7,1138127367204,196
2006-02-09,4.990032290361626,278.1400322903616,Landsat 7,1139509772442,196
2006-02-25,-4.7992240517241385,268.35077594827584,Landsat 7,1140892175411,2
2006-03-05,0.2010343789160629,273.35103437891604,Landsat 5,1141583426429,149
2006-03-13,4.70126657114605,277.851266571146,Landsat 7,1142274576114,196
2006-04-06,5.71380830281538,278.86380830281536,Landsat 5,1144348263338,196
2006-04-22,9.650572628748534,282.8005726287485,Landsat 5,1145730678174,196
2006-04-30,8.733596380225492,281.88359638022547,Landsat 7,1146421772572,196
2006-05-08,10.67496337528388,283.82496337528386,Landsat 5,1147113091091,196
2006-05-16,16.996840859944655,290.14684085994463,Landsat 7,1147804174172,190
2006-05-24,11.277403198191223,284.4274031981912,Landsat 5,1148495503141,196
2006-06-01,13.026322955760236,286.1763229557602,Landsat 7,1149186573016,196
2006-06-09,14.351314505977086,287.50131450597706,Landsat 5,1149877919493,196
2006-06-17,17.651288615880617,290.8012886158806,Landsat 7,1150568969185,196
2006-06-25,19.670817257293095,292.8208172572931,Landsat 5,1151260335533,196
2006-07-03,18.608564370283034,291.758564370283,Landsat 7,1151951363124,196
2006-07-11,18.84090728352527,291.99090728352525,Landsat 5,1152642750108,196
2006-07-19,21.201436321380243,294.3514363213802,Landsat 7,1153333754967,196
2006-07-27,21.874033414216626,295.0240334142166,Landsat 5,1154025162494,196
2006-08-04,19.816742719210197,292.9667427192102,Landsat 7,1154716151213,196
2006-08-12,19.03427582000006,292.18427582000004,Landsat 5,1155407573699,196
2006-08-20,19.663179235193695,292.8131792351937,Landsat 7,1156098549376,196
2006-08-28,19.221919871388195,292.3719198713882,Landsat 5,1156789984693,196
2006-09-05,19.525450973557383,292.67545097355736,Landsat 7,1157480945549,166
2006-09-13,20.033213230941328,293.1832132309413,Landsat 5,1158172396191,196
2006-09-21,13.237988312965456,286.38798831296543,Landsat 7,1158863339590,196
2006-09-29,16.314355004823028,289.464355004823,Landsat 5,1159554807928,196
2006-10-07,14.310216500598187,287.46021650059816,Landsat 7,1160245730327,196
2006-10-23,13.182618917636034,286.332618917636,Landsat 7,1161628147207,196
2006-10-31,9.936940578201586,283.08694057820156,Landsat 5,1162319629243,196
2006-11-08,7.333408098178438,280.4834080981784,Landsat 7,1163010561260,16
2006-12-02,6.867511451690575,280.01751145169055,Landsat 5,1165084444966,196
2006-12-18,5.737841419186793,278.88784141918677,Landsat 5,1166466851621,196
2007-01-03,5.178786079653435,278.3287860796534,Landsat 5,1167849257991,196
2007-01-19,4.472536476350513,277.6225364763505,Landsat 5,1169231664045,196
2007-01-27,-1.709853429976988,271.440146570023,Landsat 7,1169922588334,68
2007-02-04,3.0113784651243236,276.1613784651243,Landsat 5,1170614068179,196
2007-02-20,4.9837283309990426,278.133728330999,Landsat 5,1171996469676,196
2007-02-28,4.4798846839422595,277.62988468394224,Landsat 7,1172687399370,181
2007-03-08,2.6417415738639534,275.79174157386393,Landsat 5,1173378868543,88
2007-03-16,7.841136585996367,280.99113658599634,Landsat 7,1174069801749,169
2007-03-24,2.684014944142916,275.8340149441429,Landsat 5,1174761264935,196
2007-04-01,3.434176871771058,276.58417687177104,Landsat 7,1175452202107,196
2007-04-09,6.542530180190397,279.6925301801904,Landsat 5,1176143659375,196
2007-04-17,4.4987430376500015,277.64874303765,Landsat 7,1176834600224,196
2007-04-25,8.25353782955176,281.40353782955174,Landsat 5,1177526052110,196
2007-05-03,6.610296342722506,279.7602963427225,Landsat 7,1178216996309,196
2007-05-11,9.540344871712989,282.69034487171297,Landsat 5,1178908443118,196
2007-05-19,11.091960301109225,284.2419603011092,Landsat 7,1179599390098,196
2007-05-27,7.338599355992187,280.48859935599216,Landsat 5,1180290831330,196
2007-06-04,11.780235451263252,284.93023545126323,Landsat 7,1180981785610,196
2007-06-12,14.063019543366579,287.21301954336656,Landsat 5,1181673216352,196
2007-06-20,16.210404936235477,289.36040493623545,Landsat 7,1182364185586,196
2007-06-28,16.074852094118683,289.22485209411866,Landsat 5,1183055598147,196
2007-07-06,15.351735438835988,288.50173543883596,Landsat 7,1183746583720,183
2007-07-14,19.87100775195381,293.0210077519538,Landsat 5,1184437990908,196
2007-07-22,19.786738004603194,292.93673800460317,Landsat 7,1185128980157,196
2007-07-30,19.26994787124619,292.41994787124617,Landsat 5,1185820381597,196
2007-08-07,18.37421139145465,291.5242113914546,Landsat 7,1186511375114,196
2007-08-15,19.051653461585886,292.20165346158586,Landsat 5,1187202771262,196
2007-08-23,19.089623259811844,292.2396232598118,Landsat 7,1187893768678,196
2007-09-08,19.49834272798512,292.6483427279851,Landsat 7,1189276160888,196
2007-09-16,17.449737030482538,290.5997370304825,Landsat 5,1189967554766,196
2007-10-02,14.318339891076619,287.4683398910766,Landsat 5,1191349946432,196
2007-10-10,12.860315159487527,286.0103151594875,Landsat 7,1192040953361,196
2007-10-26,8.618052435040454,281.76805243504043,Landsat 7,1193423365506,196
2007-11-27,9.366885826664259,282.51688582666424,Landsat 7,1196188182900,196
2007-12-13,2.5438821051282616,275.69388210512824,Landsat 7,1197570588037,196
2008-01-14,2.239943911195951,275.3899439111959,Landsat 7,1200335391254,196
2008-02-15,4.501515186859365,277.65151518685934,Landsat 7,1203100186527,196
2008-03-18,-6.867491465626074,266.2825085343739,Landsat 7,1205864978542,46
2008-03-26,4.7876073295723245,277.9376073295723,Landsat 5,1206556156299,196
2008-04-03,7.576936580075937,280.7269365800759,Landsat 7,1207247378764,196
2008-04-11,5.4807338165502415,278.6307338165502,Landsat 5,1207938533629,196
2008-04-19,6.0890979954734235,279.2390979954734,Landsat 7,1208629776776,196
2008-05-05,7.677395342656439,280.8273953426564,Landsat 7,1210012172779,196
2008-05-13,8.32439532910746,281.47439532910744,Landsat 5,1210703283964,196
2008-05-21,8.72353764863368,281.87353764863366,Landsat 7,1211394566908,196
2008-06-06,10.222312049942843,283.3723120499428,Landsat 7,1212776959165,196
2008-06-14,15.276172331440478,288.42617233144045,Landsat 5,1213468032204,196
2008-06-22,13.61485683454083,286.7648568345408,Landsat 7,1214159349753,196
2008-06-30,17.00034133001219,290.15034133001217,Landsat 5,1214850405374,196
2008-07-08,18.926878129316265,292.07687812931624,Landsat 7,1215541738739,196
2008-07-16,20.04227654474431,293.1922765447443,Landsat 5,1216232777667,196
2008-07-24,20.26198004444973,293.4119800444497,Landsat 7,1216924127386,196
2008-08-01,19.17501334428124,292.3250133442812,Landsat 5,1217615149067,196
2008-08-09,18.503872735125526,291.6538727351255,Landsat 7,1218306521713,196
2008-08-17,20.881272090668972,294.03127209066895,Landsat 5,1218997521194,196
2008-08-25,19.1282257555182,292.2782257555182,Landsat 7,1219688914883,196
2008-09-02,17.629798251400757,290.77979825140073,Landsat 5,1220379895614,196
2008-09-10,16.902157007745245,290.0521570077452,Landsat 7,1221071306893,196
2008-09-18,17.26317531045453,290.4131753104545,Landsat 5,1221762267928,196
2008-09-26,16.57190474617977,289.72190474617975,Landsat 7,1222453697604,196
2008-10-12,13.336217757609347,286.4862177576093,Landsat 7,1223836087743,196
2008-10-28,13.090590847086105,286.2405908470861,Landsat 7,1225218504049,196
2008-11-13,9.982849643384554,283.13284964338453,Landsat 7,1226600918207,196
2008-11-29,9.639302406778825,282.7893024067788,Landsat 7,1227983330085,196
2008-12-31,5.98924520520751,279.1392452052075,Landsat 7,1230748147551,196
2009-01-08,5.799086035596531,278.9490860355965,Landsat 5,1231439063820,196
2009-01-16,5.620545802157153,278.77054580215713,Landsat 7,1232130552413,196
2009-02-01,5.347774375435733,278.4977743754357,Landsat 7,1233512956588,196
2009-03-05,4.43928552475063,277.5892855247506,Landsat 7,1236277774849,196
2009-03-13,4.709354000000019,277.859354,Landsat 5,1236968760464,196
2009-03-21,4.629524423603641,277.7795244236036,Landsat 7,1237660182252,94
2009-03-29,5.039066988602372,278.18906698860235,Landsat 5,1238351181397,196
2009-04-06,6.543565042204818,279.6935650422048,Landsat 7,1239042588151,196
2009-04-14,5.890627072175505,279.0406270721755,Landsat 5,1239733600912,196
2009-04-22,10.695282980657566,283.84528298065754,Landsat 7,1240424992547,196
2009-05-16,7.551870570115568,280.70187057011555,Landsat 5,1242498437643,196
2009-06-09,8.635544926701243,281.7855449267012,Landsat 7,1244572196130,196
2009-06-17,16.526558650778554,289.67655865077853,Landsat 5,1245263272067,196
2009-06-25,17.23967548605924,290.3896754860592,Landsat 7,1245954594080,196
2009-07-03,16.97877109287157,290.12877109287155,Landsat 5,1246645689213,196
2009-07-19,19.279933771083847,292.4299337710838,Landsat 5,1248028104956,196
2009-07-27,21.020308970759174,294.17030897075915,Landsat 7,1248719385655,196
2009-08-04,19.323245725537788,292.47324572553777,Landsat 5,1249410519507,196
2009-08-12,18.02769622298132,291.1776962229813,Landsat 7,1250101779961,196
2009-08-20,19.825350645273602,292.9753506452736,Landsat 5,1250792933907,196
2009-08-28,6.115026783020653,279.26502678302063,Landsat 7,1251484180332,75
2009-09-05,16.40257129450214,289.5525712945021,Landsat 5,1252175348197,196
2009-09-13,8.717396577376803,281.8673965773768,Landsat 7,1252866579524,152
2009-09-21,16.896858232594184,290.04685823259416,Landsat 5,1253557760743,196
2009-10-07,14.107671617253118,287.2576716172531,Landsat 5,1254940171706,196
2009-10-23,12.481838585443825,285.6318385854438,Landsat 5,1256322581059,196
2009-10-31,11.332279048604164,284.48227904860414,Landsat 7,1257013794615,196
2009-11-16,9.464501425291303,282.6145014252913,Landsat 7,1258396208062,196
2009-11-24,8.293144071002587,281.44314407100256,Landsat 5,1259087394876,196
2009-12-02,7.341392400798952,280.49139240079893,Landsat 7,1259778618912,196
2009-12-10,6.5756269889079135,279.7256269889079,Landsat 5,1260469804668,196
2009-12-18,5.6802998659770765,278.83029986597705,Landsat 7,1261161033433,196
2010-01-03,4.782821102217667,277.93282110221764,Landsat 7,1262543450109,196
2010-01-27,5.064421827196895,278.2144218271969,Landsat 5,1264617021241,196
2010-02-12,-3.1701760430543686,269.9798239569456,Landsat 5,1265999424342,2
2010-02-28,4.735240692105663,277.88524069210564,Landsat 5,1267381826406,196
2010-03-16,1.9451655596384398,275.0951655596384,Landsat 5,1268764227053,196
2010-04-09,0.8158210744792882,273.96582107447927,Landsat 7,1270837902882,196
2010-04-17,-0.8068635359577456,272.34313646404223,Landsat 5,1271529023046,196
2010-04-25,8.812672284660835,281.9626722846608,Landsat 7,1272220301960,196
2010-05-03,7.9414969893194325,281.0914969893194,Landsat 5,1272911419410,196
2010-05-11,4.356028305353334,277.5060283053533,Landsat 7,1273602698240,196
2010-06-12,9.672987547688251,282.82298754768823,Landsat 7,1276367498274,196
2010-06-20,11.76057852400777,284.91057852400775,Landsat 5,1277058606730,196
2010-06-28,19.66194419941553,292.8119441994155,Landsat 7,1277749901303,196
2010-07-06,16.094862732348815,289.2448627323488,Landsat 5,1278441002372,196
2010-07-14,19.530984603214733,292.6809846032147,Landsat 7,1279132303218,196
2010-07-22,20.25041978250846,293.40041978250844,Landsat 5,1279823398317,196
2010-07-30,20.100661644122624,293.2506616441226,Landsat 7,1280514703214,196
2010-08-07,20.022213440395205,293.1722134403952,Landsat 5,1281205792027,196
2010-08-15,19.268362834217157,292.41836283421713,Landsat 7,1281897103334,196
2010-08-23,17.232474757322905,290.3824747573229,Landsat 5,1282588188122,196
2010-09-08,17.39076965560747,290.54076965560745,Landsat 5,1283970584424,196
2010-09-16,16.969642669598727,290.1196426695987,Landsat 7,1284661907267,196
2010-09-24,15.623124793279032,288.773124793279,Landsat 5,1285352978376,196
2010-10-02,16.70891111933952,289.8589111193395,Landsat 7,1286044303788,196
2010-10-10,14.867514792971349,288.0175147929713,Landsat 5,1286735370077,196
2010-10-18,13.940376470500269,287.09037647050025,Landsat 7,1287426715081,196
2010-11-19,3.222290218720673,276.37229021872065,Landsat 7,1290191537097,13
2010-12-05,7.709506500005375,280.85950650000535,Landsat 7,1291573946974,196
2010-12-13,-0.7131591089175799,272.4368408910824,Landsat 5,1292264960524,19
2011-01-22,5.572735616185469,278.72273561618545,Landsat 7,1295721170489,196
2011-02-07,5.4603324457959275,278.6103324457959,Landsat 7,1297103575034,196
2011-02-15,5.213874632455031,278.363874632455,Landsat 5,1297794568253,196
2011-02-23,-0.9462406508775985,272.2037593491224,Landsat 7,1298485979714,196
2011-03-03,4.728158674587689,277.87815867458767,Landsat 5,1299176966887,196
2011-03-11,5.011494188373604,278.1614941883736,Landsat 7,1299868383753,196
2011-03-27,-0.09665925054576974,273.0533407494542,Landsat 7,1301250785293,193
2011-04-04,0.9344149440387923,274.08441494403877,Landsat 5,1301941759210,196
2011-04-28,5.773003106579154,278.92300310657913,Landsat 7,1304015586802,196
2011-05-06,5.453371410757427,278.6033714107574,Landsat 5,1304706546481,196
2011-05-22,-1.226946342635813,271.92305365736416,Landsat 5,1306088942174,176
2011-05-30,6.950915318811042,280.100915318811,Landsat 7,1306780386118,196
2011-06-07,9.757278190634906,282.9072781906349,Landsat 5,1307471334749,196
2011-06-15,16.955711438770948,290.1057114387709,Landsat 7,1308162785071,196
2011-06-23,13.823822874292034,286.973822874292,Landsat 5,1308853726825,196
2011-07-01,16.72606632880911,289.8760663288091,Landsat 7,1309545181331,196
2011-07-09,17.27038807687046,290.42038807687044,Landsat 5,1310236120717,196
2011-07-17,16.912144346048024,290.062144346048,Landsat 7,1310927580922,196
2011-07-25,18.061404303621202,291.2114043036212,Landsat 5,1311618512453,196
2011-08-02,19.247184692356143,292.3971846923561,Landsat 7,1312309977123,196
2011-08-10,19.93027372188095,293.0802737218809,Landsat 5,1313000903212,196
2011-08-18,19.85133886272581,293.0013388627258,Landsat 7,1313692374021,196
2011-08-26,20.071223457605186,293.22122345760516,Landsat 5,1314383294645,196
2011-09-03,19.333724488915607,292.4837244889156,Landsat 7,1315074770670,196
2011-09-19,19.025665849803033,292.175665849803,Landsat 7,1316457166225,196
2011-09-27,18.371242248248166,291.52124224824814,Landsat 5,1317148066740,196
2011-10-29,12.860500570056217,286.0105005700562,Landsat 5,1319912841852,196
2011-11-06,10.336496191704782,283.48649619170476,Landsat 7,1320604377648,6
2011-11-22,8.31825278066168,281.46825278066166,Landsat 7,1321986789995,196
2011-12-08,6.917122974403583,280.06712297440356,Landsat 7,1323369196420,196
2011-12-24,0.4671967377515216,273.6171967377515,Landsat 7,1324751606206,196
2012-01-09,5.0639101879039,278.2139101879039,Landsat 7,1326134011758,196
2012-02-10,5.608588448163232,278.7585884481632,Landsat 7,1328898817109,196
2012-03-29,5.385109507755942,278.5351095077559,Landsat 7,1333046016999,196
2012-04-14,3.649543283440437,276.7995432834404,Landsat 7,1334428413121,161
2012-04-30,4.8070945936641465,277.9570945936641,Landsat 7,1335810836604,196
2012-06-01,17.34480282469832,290.4948028246983,Landsat 7,1338575634532,196
2012-06-17,17.03213799348447,290.18213799348445,Landsat 7,1339958036392,196
2012-07-03,17.894475284069983,291.04447528406996,Landsat 7,1341340446714,196
2012-08-04,18.608181738589053,291.75818173858903,Landsat 7,1344105270029,196
2012-08-20,20.725395554908744,293.8753955549087,Landsat 7,1345487681323,196
2012-10-07,17.07273458024372,290.2227345802437,Landsat 7,1349634908223,196
2012-11-08,12.24606251046481,285.3960625104648,Landsat 7,1352399721809,196
2012-11-24,9.39410468879106,282.54410468879104,Landsat 7,1353782129419,196
2012-12-10,7.275651672715867,280.42565167271584,Landsat 7,1355164532297,196
2013-01-27,1.8797815111378213,275.0297815111378,Landsat 7,1359311742299,192
2013-02-12,4.132604859412595,277.2826048594126,Landsat 7,1360694142459,196
2013-02-28,5.233804565228354,278.38380456522833,Landsat 7,1362076538392,196
2013-03-16,6.10831762936408,279.25831762936406,Landsat 7,1363458937127,196
2013-03-22,5.808988885804297,278.9589888858043,Landsat 8,1363977416975,205
2013-04-17,6.162746571409514,279.3127465714095,Landsat 7,1366223728089,196
2013-04-25,11.224239121145729,284.3742391211457,Landsat 8,1366915275133,196
2013-05-03,12.79150421710284,285.9415042171028,Landsat 7,1367606124339,196
2013-05-11,14.195907136938104,287.3459071369381,Landsat 8,1368297685175,196
2013-05-19,10.718034878953688,283.86803487895367,Landsat 7,1368988521823,196
2013-06-04,16.80807821604651,289.9580782160465,Landsat 7,1370370911273,196
2013-06-12,14.822358415222538,287.9723584152225,Landsat 8,1371062489759,24
2013-06-20,14.293623806659127,287.4436238066591,Landsat 7,1371753307800,196
2013-06-28,21.418056584890792,294.56805658489077,Landsat 8,1372444887589,196
2013-07-06,17.939022425718292,291.08902242571827,Landsat 7,1373135697057,196
2013-07-14,19.358138041428447,292.5081380414284,Landsat 8,1373827289078,196
2013-07-22,9.71816040166857,282.86816040166855,Landsat 7,1374518089807,193
2013-07-30,20.334255870509764,293.48425587050974,Landsat 8,1375209689918,196
2013-08-15,20.213681764586283,293.36368176458626,Landsat 8,1376592090053,196
2013-08-23,18.505752354646404,291.6557523546464,Landsat 7,1377282892851,196
2013-08-31,19.89785215892374,293.0478521589237,Landsat 8,1377974492670,196
2013-09-08,18.755880827868793,291.90588082786877,Landsat 7,1378665304832,196
2013-09-16,18.90477210181149,292.05477210181147,Landsat 8,1379356887909,196
2013-09-24,16.85611265114244,290.0061126511424,Landsat 7,1380047713376,196
2013-10-02,14.046314800572816,287.1963148005728,Landsat 8,1380739283118,196
2013-10-10,12.94556336588073,286.0955633658807,Landsat 7,1381430127377,196
2013-10-18,13.235522859639843,286.3855228596398,Landsat 8,1382121680243,196
2013-10-26,12.719252163569195,285.8692521635692,Landsat 7,1382812534054,196
2013-11-03,0.7194794803306763,273.86947948033065,Landsat 8,1383504074720,2
2013-12-05,7.6301182215364065,280.7801182215364,Landsat 8,1386268867206,196
2013-12-13,6.730505608491683,279.88050560849166,Landsat 7,1386959750560,196
2013-12-21,7.195436276863802,280.3454362768638,Landsat 8,1387651257517,196
2013-12-29,6.35335075667092,279.5033507566709,Landsat 7,1388342155682,196
2014-01-14,6.060096723776951,279.2100967237769,Landsat 7,1389724563743,196
2014-01-22,6.40379628625692,279.5537962862569,Landsat 8,1390416038191,196
2014-02-15,2.5127177605946827,275.66271776059466,Landsat 7,1392489375020,196
2014-02-23,6.666407683164266,279.81640768316424,Landsat 8,1393180814993,196
2014-03-11,5.908988775247451,279.0589887752474,Landsat 8,1394563202713,196
2014-03-19,6.002056477459291,279.15205647745927,Landsat 7,1395254184149,196
2014-04-04,0.1441739012273615,273.29417390122734,Landsat 7,1396636589046,18
2014-04-12,11.321694974446132,284.4716949744461,Landsat 8,1397327971996,196
2014-04-20,10.657717391100903,283.8077173911009,Landsat 7,1398018999462,196
2014-04-28,-5.052113537812488,268.0978864621875,Landsat 8,1398710357070,4
2014-05-14,12.561438015435101,285.7114380154351,Landsat 8,1400092743416,196
2014-05-22,9.119261624345938,282.2692616243459,Landsat 7,1400783811706,96
2014-05-30,12.43585911118356,285.58585911118354,Landsat 8,1401475145275,196
2014-06-07,15.244297460897258,288.39429746089723,Landsat 7,1402166214530,196
2014-06-15,13.874020609352101,287.0240206093521,Landsat 8,1402857552569,196
2014-06-23,16.061480123344552,289.21148012334453,Landsat 7,1403548616772,196
2014-07-01,21.72046750752213,294.8704675075221,Landsat 8,1404239956475,196
2014-07-09,19.923939933296424,293.0739399332964,Landsat 7,1404931021542,196
2014-07-25,19.448952426049686,292.59895242604966,Landsat 7,1406313425755,196
2014-08-02,20.717905997540186,293.86790599754016,Landsat 8,1407004769203,196
2014-08-10,18.346953615064308,291.4969536150643,Landsat 7,1407695829383,196
2014-08-18,19.59785164940388,292.74785164940386,Landsat 8,1408387174404,196
2014-08-26,18.372349563474245,291.5223495634742,Landsat 7,1409078226258,196
2014-09-03,19.26366495889829,292.41366495889827,Landsat 8,1409769577076,196
2014-09-11,17.45430869942271,290.6043086994227,Landsat 7,1410460626693,196
2014-09-19,18.51092234932571,291.6609223493257,Landsat 8,1411151977080,196
2014-10-05,16.838061126552077,289.98806112655205,Landsat 8,1412534381473,196
2014-10-13,15.268087022429313,288.4180870224293,Landsat 7,1413225447750,196
2014-10-21,14.265271812644187,287.41527181264416,Landsat 8,1413916783998,196
2014-10-29,13.191941912228117,286.3419419122281,Landsat 7,1414607857682,196
2014-11-14,11.754829509306944,284.9048295093069,Landsat 7,1415990265169,196
2015-01-01,6.6499163631531815,279.79991636315316,Landsat 7,1420137480824,196
2015-01-25,6.884404481984063,280.03440448198404,Landsat 8,1422211167064,196
2015-02-18,7.353769710868505,280.5037697108685,Landsat 7,1424284694889,196
2015-02-26,2.8869191409063433,276.0369191409063,Landsat 8,1424975957346,196
2015-03-06,6.801362275253382,279.95136227525336,Landsat 7,1425667103151,196
2015-03-22,2.4819740535137953,275.6319740535138,Landsat 7,1427049511975,196
2015-03-30,9.678912509373333,282.8289125093733,Landsat 8,1427740736348,196
2015-04-15,7.648444114401002,280.798444114401,Landsat 8,1429123133205,196
2015-04-23,9.0311391587054,282.1811391587054,Landsat 7,1429814324872,196
2015-05-01,11.858542609711094,285.00854260971107,Landsat 8,1430505523226,196
2015-05-09,10.261053773920878,283.41105377392086,Landsat 7,1431196733331,196
2015-06-02,12.516497112915147,285.6664971129151,Landsat 8,1433270318547,196
2015-06-18,17.351168713764707,290.5011687137647,Landsat 8,1434652728343,196
2015-06-26,19.71824170751404,292.868241707514,Landsat 7,1435343946596,196
2015-07-20,20.847636008988104,293.9976360089881,Landsat 8,1437417544844,196
2015-07-28,17.552037331115287,290.70203733111526,Landsat 7,1438108755225,196
2015-08-05,18.831975399998726,291.9819753999987,Landsat 8,1438799947307,196
2015-08-13,18.622054825147643,291.7720548251476,Landsat 7,1439491160351,196
2015-08-21,20.329922456799693,293.47992245679967,Landsat 8,1440182355652,196
2015-09-06,16.688993299956337,289.8389932999563,Landsat 8,1441564761050,196
2015-09-22,17.13681857517315,290.28681857517313,Landsat 8,1442947168977,196
2015-10-08,6.874962624756449,280.0249626247564,Landsat 8,1444329571053,196
2015-12-03,8.780450819758016,281.930450819758,Landsat 7,1449168027655,196
2015-12-11,5.692014112692846,278.8420141126928,Landsat 8,1449859176812,190
2016-01-12,4.8127436729017745,277.96274367290175,Landsat 8,1452623974707,196
2016-02-05,5.122754838999185,278.27275483899916,Landsat 7,1454697680348,196
2016-02-13,5.920448193220807,279.0704481932208,Landsat 8,1455388767099,196
2016-02-29,6.58748062200408,279.73748062200406,Landsat 8,1456771163674,196
2016-03-16,6.606616446380656,279.75661644638063,Landsat 8,1458153559147,196
2016-03-24,-2.1068752326967797,271.0431247673032,Landsat 7,1458844898595,196
2016-04-01,8.298268943305061,281.44826894330504,Landsat 8,1459535949026,196
2016-04-17,8.248137150509876,281.39813715050985,Landsat 8,1460918344098,196
2016-05-11,9.288124416107507,282.4381244161075,Landsat 7,1462992113979,196
2016-05-19,5.068119630921672,278.21811963092165,Landsat 8,1463683145317,142
2016-05-27,11.152296413299666,284.30229641329964,Landsat 7,1464374518447,196
2016-06-20,14.499670595226462,287.64967059522644,Landsat 8,1466447954636,196
2016-06-28,17.86739368178945,291.01739368178943,Landsat 7,1467139323868,196
2016-07-06,17.445682300441206,290.5956823004412,Landsat 8,1467830363662,196
2016-07-14,18.981619596813005,292.131619596813,Landsat 7,1468521723483,196
2016-07-22,18.102617007659205,291.2526170076592,Landsat 8,1469212769369,196
2016-07-30,20.65422530277482,293.8042253027748,Landsat 7,1469904126612,196
2016-08-07,19.57363728644026,292.72363728644024,Landsat 8,1470595171748,196
2016-08-15,19.1060732428802,292.2560732428802,Landsat 7,1471286527283,196
2016-08-23,22.04333612816953,295.1933361281695,Landsat 8,1471977577973,196
2016-08-31,18.854708825375667,292.00470882537564,Landsat 7,1472668931308,196
2016-09-08,19.864062010068267,293.01406201006824,Landsat 8,1473359983034,196
2016-09-16,17.318644716957294,290.4686447169573,Landsat 7,1474051332891,196
2016-09-24,16.875996780160904,290.0259967801609,Landsat 8,1474742384049,196
2016-10-02,15.544733598190419,288.6947335981904,Landsat 7,1475433735416,196
2016-10-18,12.517590497743583,285.66759049774356,Landsat 7,1476816134049,196
2016-10-26,12.616029428318313,285.7660294283183,Landsat 8,1477507191105,196
2016-11-03,10.960958308046031,284.110958308046,Landsat 7,1478198528507,196
2016-11-11,11.13221831863001,284.28221831863,Landsat 8,1478889589649,196
2016-11-19,10.533532359449055,283.68353235944903,Landsat 7,1479580921878,196
2016-12-05,-3.067479274300183,270.0825207256998,Landsat 7,1480963319440,18
2016-12-29,6.029536080296509,279.1795360802965,Landsat 8,1483036783925,196
2017-02-23,3.751513129732473,276.90151312973245,Landsat 7,1487875292093,117
2017-03-19,2.7475962334042947,275.8975962334043,Landsat 8,1489948750385,196
2017-03-27,5.477615678365339,278.6276156783653,Landsat 7,1490640103946,194
2017-04-28,6.873178246760688,280.02317824676066,Landsat 7,1493404915877,196
2017-05-14,8.820060770935072,281.97006077093505,Landsat 7,1494787319314,196
2017-05-22,13.596252485132709,286.7462524851327,Landsat 8,1495478340956,196
2017-05-30,15.072003648219493,288.22200364821947,Landsat 7,1496169722882,196
2017-06-07,13.833325601302306,286.9833256013023,Landsat 8,1496860749369,196
2017-06-15,11.224160232696192,284.37416023269617,Landsat 7,1497552127057,196
2017-06-23,19.572206997963974,292.72220699796395,Landsat 8,1498243155004,196
2017-07-01,17.914398100225526,291.0643981002255,Landsat 7,1498934529234,196
2017-07-09,22.64101077073707,295.79101077073705,Landsat 8,1499625558102,196
2017-07-17,20.207956522411962,293.35795652241194,Landsat 7,1500316929615,196
2017-07-25,21.00417756983751,294.1541775698375,Landsat 8,1501007964978,196
2017-08-10,21.57419870671822,294.7241987067182,Landsat 8,1502390371491,196
2017-08-18,21.791404652614176,294.94140465261415,Landsat 7,1503081726527,196
2017-08-26,22.707163051231532,295.8571630512315,Landsat 8,1503772775566,196
2017-09-03,21.316068204038572,294.46606820403855,Landsat 7,1504464126666,196
2017-09-11,21.475690729822304,294.6256907298223,Landsat 8,1505155176520,196
2017-09-19,17.786494257967718,290.9364942579677,Landsat 7,1505846524302,196
2017-09-27,15.544275333519693,288.69427533351967,Landsat 8,1506537582822,196
2017-10-05,13.95439643190798,287.10439643190796,Landsat 7,1507228926330,196
2017-10-13,13.359726894172354,286.50972689417233,Landsat 8,1507919987306,196
2017-10-21,11.729646378010159,284.87964637801014,Landsat 7,1508611328386,196
2017-10-29,13.215652358184684,286.36565235818466,Landsat 8,1509302388108,196
2017-11-06,10.809967556560082,283.95996755656006,Landsat 7,1509993727401,196
2017-11-14,9.773599544647709,282.9235995446477,Landsat 8,1510684785022,196
2017-11-30,8.174634010957902,281.3246340109579,Landsat 8,1512067178729,196
2017-12-08,5.840856939767889,278.99085693976787,Landsat 7,1512758515774,196
2017-12-16,6.77152835943923,279.9215283594392,Landsat 8,1513449580919,196
2018-01-01,3.3542027999816924,276.50420279998167,Landsat 8,1514831979007,6
2018-01-25,4.818828531329359,277.96882853132934,Landsat 7,1516905677911,196
2018-02-02,2.510747896320254,275.66074789632023,Landsat 8,1517596762225,196
2018-02-10,4.458815942792455,277.60881594279243,Landsat 7,1518288063416,196
2018-02-18,6.117306521529883,279.26730652152986,Landsat 8,1518979157124,196
2018-04-07,5.5624970764664,278.7124970764664,Landsat 8,1523126333449,196
2018-04-15,4.472782432098711,277.6227824320987,Landsat 7,1523817614143,186
2018-04-23,8.006563077310261,281.15656307731024,Landsat 8,1524508724041,196
2018-05-09,10.159724361463361,283.30972436146334,Landsat 8,1525891114781,196
2018-05-17,13.12495471635583,286.2749547163558,Landsat 7,1526582380907,196
2018-06-02,13.143002682637643,286.2930026826376,Landsat 7,1527964765636,196
2018-06-10,14.287540310986856,287.43754031098683,Landsat 8,1528655900231,196
2018-06-18,15.736041344260457,288.88604134426043,Landsat 7,1529347148421,196
2018-06-26,17.690437274039425,290.8404372740394,Landsat 8,1530038310862,196
2018-07-04,17.054806157975406,290.2048061579754,Landsat 7,1530729529363,196
2018-07-12,9.628712478572538,282.7787124785725,Landsat 8,1531420719046,118
2018-07-20,20.301927202109198,293.4519272021092,Landsat 7,1532111911922,196
2018-07-28,22.96062982320825,296.1106298232082,Landsat 8,1532803125689,196
2018-08-05,20.06725859377383,293.2172585937738,Landsat 7,1533494294881,196
2018-08-13,22.184910536253824,295.3349105362538,Landsat 8,1534185535157,196
2018-08-21,20.146172784457406,293.2961727844574,Landsat 7,1534876676414,196
2018-08-29,19.955972732156454,293.10597273215643,Landsat 8,1535567942419,196
2018-09-06,19.244227511120812,292.3942275111208,Landsat 7,1536259056347,196
2018-09-14,14.490674711658187,287.64067471165816,Landsat 8,1536950347251,145
2018-09-22,16.655098975950352,289.80509897595033,Landsat 7,1537641434739,196
2018-09-30,16.36148373692106,289.51148373692104,Landsat 8,1538332754057,196
2018-10-08,14.471997178154993,287.62199717815497,Landsat 7,1539023811468,196
2018-10-16,13.806252099851179,286.95625209985116,Landsat 8,1539715160894,196
2018-10-24,11.404613094642684,284.55461309464266,Landsat 7,1540406189383,196
2018-11-09,10.959325271711577,284.10932527171155,Landsat 7,1541788568289,196
2018-11-17,10.353477195223661,283.50347719522364,Landsat 8,1542479966220,196
2018-11-25,9.585303035812501,282.7353030358125,Landsat 7,1543170944908,196
2018-12-03,8.07726060441496,281.22726060441494,Landsat 8,1543862364493,196
2018-12-11,7.328222117962866,280.47822211796284,Landsat 7,1544553319316,196
2019-03-17,-1.5018833794953252,271.64811662050465,Landsat 7,1552847541890,191
2019-04-02,3.7549630043655498,276.9049630043655,Landsat 7,1554229909268,9
2019-04-10,5.233395435494799,278.3833954354948,Landsat 8,1554921539595,196
2019-04-18,7.4952506187269705,280.64525061872695,Landsat 7,1555612274938,196
2019-04-26,11.102388491085208,284.2523884910852,Landsat 8,1556303933420,196
2019-05-04,12.511980938439478,285.66198093843946,Landsat 7,1556994638873,196
2019-05-12,14.125390705007646,287.2753907050076,Landsat 8,1557686342715,196
2019-05-20,9.032050009893908,282.1820500098939,Landsat 7,1558377000992,196
2019-06-05,14.824890727629054,287.97489072762903,Landsat 7,1559759367258,196
2019-06-13,15.92796816024844,289.0779681602484,Landsat 8,1560451158993,196
2019-06-21,14.510447207054312,287.6604472070543,Landsat 7,1561141732280,174
2019-07-15,19.060929441084795,292.2109294410848,Landsat 8,1563215966781,196
2019-07-31,20.97472181890498,294.12472181890496,Landsat 8,1564598373038,196
2019-08-08,20.33538120440238,293.48538120440236,Landsat 7,1565288818956,196
2019-08-16,22.16568363432907,295.31568363432905,Landsat 8,1565980778532,196
2019-08-24,20.356016088218496,293.5060160882185,Landsat 7,1566671178614,190
2019-09-01,21.05692078230345,294.2069207823034,Landsat 8,1567363182091,196
2019-09-09,19.08564673684208,292.23564673684206,Landsat 7,1568053537009,196
2019-09-17,17.727636812104322,290.8776368121043,Landsat 8,1568745587422,196
2019-09-25,15.759304124763844,288.9093041247638,Landsat 7,1569435894346,196
2019-10-11,12.626284018279193,285.77628401827917,Landsat 7,1570818255089,196
2019-10-27,11.20310587453389,284.35310587453387,Landsat 7,1572200613975,196
2019-11-04,11.256134054490076,284.40613405449005,Landsat 8,1572892792991,196
2019-11-12,8.018696135200912,281.1686961352009,Landsat 7,1573582970658,163
2019-11-28,-5.217839580209045,267.93216041979093,Landsat 7,1574965325137,51
2019-12-06,7.712424161306558,280.86242416130654,Landsat 8,1575657588882,196
2019-12-14,7.47748845294808,280.62748845294806,Landsat 7,1576347677475,165
2019-12-30,4.211449891837617,277.3614498918376,Landsat 7,1577730027881,42
2020-01-07,0.6425584451723694,273.79255844517235,Landsat 8,1578422381978,61
2020-01-15,0.3951093506080383,273.545109350608,Landsat 7,1579112379233,196
2020-02-08,5.2722519338387315,278.4222519338387,Landsat 8,1581187173230,196
2020-02-16,3.595652216201586,276.74565221620156,Landsat 7,1581877082318,196
2020-02-24,5.371031326369916,278.5210313263699,Landsat 8,1582569569558,196
2020-03-03,5.398078178364358,278.54807817836434,Landsat 7,1583259431366,196
2020-03-11,6.761029457552127,279.9110294575521,Landsat 8,1583951963297,196
2020-03-27,5.239162014611054,278.38916201461103,Landsat 8,1585334354565,196
2020-04-12,6.344083050969914,279.4940830509699,Landsat 8,1586716747069,195
2020-04-28,11.90362690448029,285.05362690448027,Landsat 8,1588099139326,196
2020-05-06,9.424183350654971,282.57418335065495,Landsat 7,1588788811507,163
2020-06-23,18.802857158383972,291.95285715838395,Landsat 7,1592935839870,196
2020-07-01,15.9333675522426,289.0833675522426,Landsat 8,1593628757114,196
2020-07-09,17.954249412012302,291.1042494120123,Landsat 7,1594318182199,159
2020-07-17,21.590924117982468,294.74092411798244,Landsat 8,1595011163145,196
2020-07-25,20.663279980367065,293.81327998036704,Landsat 7,1595700523202,159
2020-08-02,21.626140694171283,294.77614069417126,Landsat 8,1596393567218,196
2020-08-10,20.987881452323336,294.1378814523233,Landsat 7,1597082862865,161
2020-08-18,21.748547101687905,294.8985471016879,Landsat 8,1597775972654,196
2020-08-26,20.06459190676395,293.2145919067639,Landsat 7,1598465201181,196
2020-09-03,22.374807602397198,295.5248076023972,Landsat 8,1599158380471,196
2020-09-11,18.71255077903902,291.862550779039,Landsat 7,1599847538117,196
2020-09-19,18.286776869656308,291.4367768696563,Landsat 8,1600540786139,196
2020-09-27,16.86583889936486,290.01583889936484,Landsat 7,1601229875270,164
2020-10-05,17.728761691745774,290.87876169174575,Landsat 8,1601923189495,196
2020-10-13,15.88895925987174,289.0389592598717,Landsat 7,1602612214117,161
2020-10-21,16.381828250452998,289.531828250453,Landsat 8,1603305590171,196
2020-10-29,13.458544160334782,286.60854416033476,Landsat 7,1603994550980,183
2020-11-14,4.517282529996351,277.6672825299963,Landsat 7,1605376885325,152
2020-11-22,8.94423785317565,282.0942378531756,Landsat 8,1606070389445,196
2020-11-30,8.314274215872103,281.4642742158721,Landsat 7,1606759216836,156
2020-12-08,7.813247839748726,280.9632478397487,Landsat 8,1607452791253,196
2020-12-16,5.069854887150825,278.2198548871508,Landsat 7,1608141544831,190
2021-01-01,5.787356505750836,278.9373565057508,Landsat 7,1609523876243,164
2021-01-09,5.626041192763921,278.7760411927639,Landsat 8,1610217583203,196
2021-01-17,3.9471217279850634,277.09712172798504,Landsat 7,1610906208817,150
2021-02-10,5.490821923112435,278.6408219231124,Landsat 8,1612982375927,196
2021-02-26,5.350317732999315,278.5003177329993,Landsat 8,1614364770343,196
2021-03-06,1.0693069215485593,274.21930692154854,Landsat 7,1615053193242,148
2021-03-30,5.785256330113668,278.93525633011365,Landsat 8,1617129556960,196
2021-04-07,6.51661169043706,279.66661169043704,Landsat 7,1617817838125,196
2021-04-15,7.727947015819268,280.87794701581925,Landsat 8,1618511951235,196
2021-04-23,8.42011817830786,281.57011817830784,Landsat 7,1619200157236,151
2021-05-01,9.858980695492107,283.0089806954921,Landsat 8,1619894342240,196
2021-05-09,7.785342981227757,280.93534298122773,Landsat 7,1620582477003,196
2021-05-17,13.588183453489421,286.7381834534894,Landsat 8,1621276746759,196
2021-05-25,10.577656440966337,283.7276564409663,Landsat 7,1621964795503,196
2021-06-02,18.98206287116375,292.1320628711637,Landsat 8,1622659155417,196
2021-06-10,12.155535713325264,285.30553571332524,Landsat 7,1623347115636,191
2021-06-18,19.0801350688684,292.2301350688684,Landsat 8,1624041561222,196
2021-06-26,18.376829002204772,291.52682900220475,Landsat 7,1624729436700,150
2021-07-04,21.66475333484044,294.8147533348404,Landsat 8,1625423964156,196
2021-07-12,21.33149029029113,294.4814902902911,Landsat 7,1626111755567,196
2021-07-20,21.151953730559057,294.30195373055903,Landsat 8,1626806367553,196
2021-07-28,20.828488262492556,293.97848826249253,Landsat 7,1627494072468,150
2021-08-05,20.714836313199385,293.86483631319936,Landsat 8,1628188775391,196
2021-08-13,19.750089316603578,292.90008931660356,Landsat 7,1628876387256,164
2021-08-21,18.916827725678786,292.06682772567876,Landsat 8,1629571180576,196
2021-08-29,18.345308995300172,291.49530899530015,Landsat 7,1630258704171,196
2021-09-06,13.54754870955287,286.69754870955285,Landsat 8,1630953585332,196
2021-09-14,17.921500290434608,291.0715002904346,Landsat 7,1631641020018,152
2021-09-22,17.162950336292113,290.3129503362921,Landsat 8,1632335987924,196
2021-09-30,15.618374300422147,288.7683743004221,Landsat 7,1633023334054,196
2021-10-16,13.03487629586192,286.1848762958619,Landsat 7,1634405649503,196
2021-11-17,9.68180038871958,282.83180038871956,Landsat 7,1637170268721,148
2021-11-21,9.420070420764205,282.5700704207642,Landsat 9,1637520131253,196
2021-11-25,8.732008996228387,281.88200899622836,Landsat 8,1637865591243,196
2021-12-03,8.656180237291949,281.8061802372919,Landsat 9,1638556794953,196
2021-12-03,8.292482942751803,281.4424829427518,Landsat 7,1638552577586,148
2021-12-19,7.178604192062153,280.32860419206213,Landsat 9,1639939186957,196
2021-12-19,6.862305949638937,280.0123059496389,Landsat 7,1639934885883,196
2022-01-12,5.262870340724419,278.4128703407244,Landsat 8,1642012783851,196
2022-01-20,5.188425990800795,278.3384259908008,Landsat 9,1642703985740,196
2022-01-20,4.978385417683398,278.1283854176834,Landsat 7,1642699498985,196
2022-01-28,4.763477381792711,277.9134773817927,Landsat 8,1643395178318,196
2022-02-05,4.416155083028968,277.56615508302895,Landsat 9,1644086385648,196
2022-02-05,0.39024771740332653,273.5402477174033,Landsat 7,1644081803774,196
2022-02-13,6.086577956185749,279.2365779561857,Landsat 8,1644777575219,196
2022-02-21,4.82682938085884,277.9768293808588,Landsat 7,1645464107295,183
2022-03-01,4.605481684231734,277.7554816842317,Landsat 8,1646159971172,196
2022-03-25,8.198942858359999,281.34894285836,Landsat 9,1648233567308,196
2022-03-25,6.406412683605595,279.5564126836056,Landsat 7,1648228720053,164
2022-04-02,6.893503605995136,280.0435036059951,Landsat 8,1648924753969,196
2022-04-18,5.832251057838903,278.9822510578389,Landsat 8,1650307159687,196
2022-04-26,5.5532533284919054,278.7032533284919,Landsat 9,1650998355398,96
2022-05-04,10.896459429522281,284.04645942952226,Landsat 8,1651689560082,196
2022-05-12,-1.5146757227740295,271.63532427722595,Landsat 9,1652380747639,186
2022-05-20,8.08526990190569,281.23526990190567,Landsat 8,1653071966687,196
2022-06-13,11.464063793762136,284.6140637937621,Landsat 9,1655145546013,196
2022-06-14,12.140386564948699,285.2903865649487,Landsat 7,1655226631519,150
2022-06-21,13.376504090177377,286.52650409017735,Landsat 8,1655836783127,196
2022-06-29,14.80062866819327,287.95062866819325,Landsat 9,1656527962690,196
2022-07-01,15.377447704174244,288.5274477041742,Landsat 7,1656695366518,129
2022-07-07,16.524406404282047,289.674406404282,Landsat 8,1657219184535,196
2022-07-13,17.571645665259496,290.7216456652595,Landsat 7,1657731767533,205
2022-07-15,17.798680933569187,290.94868093356916,Landsat 9,1657910358740,196
2022-07-23,19.92707003316798,293.07707003316796,Landsat 8,1658601589990,196
2022-07-30,21.28516476563084,294.4351647656308,Landsat 7,1659200487206,162
2022-08-04,21.130963334377668,294.28096333437765,Landsat 7,1659632810569,102
2022-08-21,20.30979390742914,293.4597939074291,Landsat 7,1661101520852,195
2022-08-24,20.831157483745073,293.98115748374505,Landsat 8,1661366402296,196
2022-09-01,21.591040482231676,294.74104048223165,Landsat 9,1662057584109,196
2022-09-02,20.771187372089344,293.9211873720893,Landsat 7,1662137904845,160
2022-09-07,20.38079982872449,293.53079982872447,Landsat 7,1662570223983,196
2022-09-09,20.75027607859107,293.90027607859105,Landsat 8,1662748805755,196
2022-09-17,18.673307939275674,291.82330793927565,Landsat 9,1663439988681,196
2022-09-24,16.104131007052047,289.254131007052,Landsat 7,1664038917624,191
2022-09-25,17.90350876865034,291.0535087686503,Landsat 8,1664131209043,196
2022-10-03,16.919435622370827,290.0694356223708,Landsat 9,1664822391305,196
2022-10-06,16.056282681225866,289.20628268122584,Landsat 7,1665075287561,159
2022-10-11,15.937284189641787,289.08728418964176,Landsat 7,1665507599135,196
2022-10-11,17.63959389531408,290.78959389531406,Landsat 8,1665513601275,196
2022-10-19,16.182077774669892,289.33207777466987,Landsat 9,1666204797271,196
2022-10-23,14.676748351513993,287.82674835151397,Landsat 7,1666543960172,205
2022-10-27,13.86239743349347,287.01239743349345,Landsat 8,1666896007935,196
2022-10-28,1.2925406118196747,274.44254061181965,Landsat 7,1666976270031,25
2022-11-12,-2.1634508205700627,270.9865491794299,Landsat 8,1668278404815,41
2022-11-14,9.739792475699801,282.8897924756998,Landsat 7,1668444928096,168
2022-11-20,8.64468606903199,281.79468606903197,Landsat 9,1668969598163,196
2022-11-28,8.396355222825719,281.5463552228257,Landsat 8,1669660803804,196
2022-12-06,7.494159580867688,280.64415958086767,Landsat 9,1670351996376,196
2022-12-14,5.998478863551327,279.1484788635513,Landsat 8,1671043199470,196
2022-12-18,1.8054082460251948,274.9554082460252,Landsat 7,1671382220347,193
2023-01-21,3.7920260142291227,276.9420260142291,Landsat 7,1674319460044,81
2023-01-23,5.245019671275088,278.39501967127507,Landsat 9,1674499190877,196
2023-01-26,4.7467886083331905,277.89678860833317,Landsat 7,1674751748645,148
2023-01-31,4.536025628142738,277.6860256281427,Landsat 8,1675190393070,196
2023-02-08,4.7474676447275215,277.8974676447275,Landsat 9,1675881600794,196
2023-03-06,4.365173384536149,277.5151733845361,Landsat 7,1678121157556,196
2023-03-20,4.99897765003243,278.1489776500324,Landsat 8,1679337563347,196
2023-04-05,5.194025178014215,278.3440251780142,Landsat 8,1680719951348,196
2023-04-13,5.108830951913433,278.2588309519134,Landsat 9,1681411161514,196
2023-04-14,5.081193647885527,278.2311936478855,Landsat 7,1681490392352,196
2023-04-29,11.22351935867772,284.3735193586777,Landsat 9,1682793554758,196
2023-05-01,7.8546103543808385,281.0046103543808,Landsat 7,1682958833115,205
2023-05-23,9.537149219523315,282.6871492195233,Landsat 7,1684859481232,13
2023-05-31,16.55337655970891,289.7033765597089,Landsat 9,1685558338459,196
2023-06-08,17.082248360721678,290.23224836072166,Landsat 8,1686249534427,196
2023-06-14,14.925247893882215,288.0752478938822,Landsat 7,1686760096735,148
2023-06-16,14.900345561370159,288.05034556137014,Landsat 9,1686940729088,196
2023-06-19,13.120619361170895,286.2706193611709,Landsat 7,1687192319489,140
2023-07-02,19.205844873436092,292.35584487343607,Landsat 9,1688323139810,196
2023-07-06,17.846652405244015,290.996652405244,Landsat 7,1688660679315,187
2023-07-10,19.085940940792227,292.2359409407922,Landsat 8,1689014351663,196
2023-07-11,17.69576012455383,290.8457601245538,Landsat 7,1689092894880,196
2023-07-16,17.51728288392485,290.6672828839248,Landsat 7,1689525108920,162
2023-07-18,20.650266268512325,293.8002662685123,Landsat 9,1689705546344,196
2023-07-26,21.791626781896582,294.94162678189656,Landsat 8,1690396757392,196
2023-08-02,19.58744029806269,292.73744029806267,Landsat 7,1690993439132,116
2023-08-03,19.709370693771234,292.8593706937712,Landsat 9,1691087953971,196
2023-08-07,19.6662035700316,292.8162035700316,Landsat 7,1691425645186,196
2023-08-11,20.408676296489034,293.558676296489,Landsat 8,1691779161867,196
2023-08-24,18.560390782319814,291.7103907823198,Landsat 7,1692893948876,205
2023-08-27,21.221836935048145,294.3718369350481,Landsat 8,1693161570085,196
2023-08-29,19.362987788370503,292.5129877883705,Landsat 7,1693326147588,196
2023-09-04,18.3764407851005,291.5264407851005,Landsat 9,1693852768833,196
2023-09-12,19.058867136505796,292.2088671365058,Landsat 8,1694543972327,196
2023-09-20,17.59725790843197,290.74725790843195,Landsat 7,1695226618182,150
2023-09-20,18.7562702733444,291.9062702733444,Landsat 9,1695235174273,196
2023-09-28,17.003153529115536,290.1531535291155,Landsat 8,1695926377254,196
2023-10-06,15.631339488431195,288.7813394884312,Landsat 9,1696617577306,196
2023-10-14,10.230998713038844,283.3809987130388,Landsat 8,1697308780003,196
2023-10-17,13.899976468557043,287.049976468557,Landsat 7,1697559220924,87
2023-10-22,-1.3541823835328728,271.7958176164671,Landsat 9,1697999984713,12
2023-10-30,11.857636906712912,285.0076369067129,Landsat 8,1698691183126,196
2023-11-07,10.655128911162194,283.80512891116217,Landsat 9,1699382380309,196
2023-11-13,10.517227966870792,283.66722796687077,Landsat 7,1699891748388,79
2023-12-09,6.443265722114575,279.59326572211455,Landsat 9,1702147184805,196
2023-12-25,6.665444138730834,279.8154441387308,Landsat 9,1703529590557,196
2024-02-03,3.268913367579273,276.41891336757925,Landsat 8,1706985575220,196
2024-02-27,4.987979752202818,278.1379797522028,Landsat 9,1709059178185,196
2024-03-06,-3.0460000280903614,270.1039999719096,Landsat 8,1709750361941,58
2024-03-14,3.7759661527119306,276.9259661527119,Landsat 9,1710441579534,196
2024-03-22,5.388590214547321,278.5385902145473,Landsat 8,1711132753229,196
2024-04-07,5.275265063791721,278.4252650637917,Landsat 8,1712515146187,196
2024-04-15,7.390231770633534,280.5402317706335,Landsat 9,1713206362686,196
2024-04-23,11.658149291483994,284.80814929148397,Landsat 8,1713897537559,196
2024-05-01,8.172213225756025,281.322213225756,Landsat 9,1714588746196,196
2024-05-09,8.23997022753673,281.3899702275367,Landsat 8,1715279926275,196
2024-05-17,13.302622255783263,286.45262225578324,Landsat 9,1715971138221,196
2024-05-25,10.727915013759343,283.8779150137593,Landsat 8,1716662313265,196
2024-06-02,10.185073143362558,283.33507314336254,Landsat 9,1717353532213,196
2024-06-10,17.11760454372518,290.26760454372516,Landsat 8,1718044714798,196
2024-06-18,13.871641615344345,287.0216416153443,Landsat 9,1718735918562,196
2024-07-04,20.87651501115863,294.0265150111586,Landsat 9,1720118326048,196
2024-07-12,23.108115565414323,296.2581155654143,Landsat 8,1720809534942,196
2024-07-20,22.331533729412058,295.48153372941204,Landsat 9,1721500737081,196
2024-07-28,20.707884514620446,293.8578845146204,Landsat 8,1722191947351,196
2024-08-05,21.144425940304586,294.29442594030456,Landsat 9,1722883140786,196
2024-08-13,20.693682322408335,293.8436823224083,Landsat 8,1723574348892,196
2024-08-21,18.840186915386994,291.99018691538697,Landsat 9,1724265553733,196
2024-08-29,19.630549549061186,292.78054954906116,Landsat 8,1724956755885,196
2024-09-06,18.98661205462537,292.13661205462535,Landsat 9,1725647952271,196
2024-09-14,19.299502270594814,292.4495022705948,Landsat 8,1726339164980,196
2024-09-22,16.840285447716326,289.9902854477163,Landsat 9,1727030355480,196
2024-09-30,17.250078237916227,290.4000782379162,Landsat 8,1727721559179,196
2024-10-08,16.985394542883796,290.1353945428838,Landsat 9,1728412762431,196
2024-10-24,13.722357110492396,286.8723571104924,Landsat 9,1729795180069,196
2024-11-09,10.833513336127453,283.98351333612743,Landsat 9,1731177574290,196
2024-12-03,7.350442389873024,280.500442389873,Landsat 8,1733251179526,196
2024-12-11,2.3044877727232915,275.45448777272327,Landsat 9,1733942376286,119
2024-12-27,5.97131912990784,279.1213191299078,Landsat 9,1735324780319,196
2025-01-04,4.128746744827026,277.278746744827,Landsat 8,1736015973150,196
2025-01-12,5.109993685896882,278.25999368589686,Landsat 9,1736707179641,196
2025-01-20,5.142837779024717,278.2928377790247,Landsat 8,1737398371985,196
2025-01-28,4.544577832613641,277.6945778326136,Landsat 9,1738089576927,196
2025-02-05,4.871671452134137,278.0216714521341,Landsat 8,1738780774115,196
2025-03-01,2.50542618143686,275.65542618143684,Landsat 9,1740854373634,196
2025-03-09,5.61517116690294,278.7651711669029,Landsat 8,1741545560951,196
2025-03-25,9.562860256077045,282.712860256077,Landsat 8,1742927950422,196
2025-04-18,6.529373373500221,279.6793733735002,Landsat 9,1745001559854,196
2025-05-20,11.9782273657122,285.1282273657122,Landsat 9,1747766340956,196
2025-05-28,14.807773221084517,287.9577732210845,Landsat 8,1748457538604,196
2025-06-05,14.389513095849566,287.53951309584954,Landsat 9,1749148734271,196
2025-06-13,17.565185658433165,290.71518565843314,Landsat 8,1749839946904,196
2025-06-21,14.305726859159961,287.45572685915994,Landsat 9,1750531149050,193
2025-06-29,19.30193971170712,292.4519397117071,Landsat 8,1751222355208,196
2025-07-07,18.958503236907518,292.1085032369075,Landsat 9,1751913553370,196
2025-07-15,20.218950029138398,293.3689500291384,Landsat 8,1752604759598,196
2025-07-23,19.91332042747456,293.06332042747454,Landsat 9,1753295961588,196
2025-07-31,20.272706526643788,293.42270652664376,Landsat 8,1753987163927,196
2025-08-08,19.315534190305016,292.465534190305,Landsat 9,1754678370526,196
2025-08-16,19.61378121097232,292.7637812109723,Landsat 8,1755369572851,196
2025-09-01,20.888419596199242,294.0384195961992,Landsat 8,1756751976167,196
2025-09-09,9.380012066928373,282.53001206692835,Landsat 9,1757443183072,64
2025-09-17,19.495185751530357,292.64518575153033,Landsat 8,1758134382187,196
2025-09-25,17.082876137137305,290.2328761371373,Landsat 9,1758825586657,196
2025-10-11,14.939434485377376,288.08943448537735,Landsat 9,1760207991878,196
